{
    "volume": 0.6784374713897705,
    "music": 0.1960936337709427
}